,Supplier_Lead_Time,Inventory_Levels,Order_Frequency,Delivery_Performance,Cost_Per_Unit
Supplier_Lead_Time,1.0,0.16837281432023876,-0.9095732583665803,-0.9147403213471949,0.9659644367423994
Inventory_Levels,0.16837281432023876,1.0,-0.2574723563320219,-0.11223155762359091,0.21804612615087132
Order_Frequency,-0.9095732583665803,-0.2574723563320219,1.0,0.7991127059692972,-0.8767017923280768
Delivery_Performance,-0.9147403213471949,-0.11223155762359091,0.7991127059692972,1.0,-0.8918094306626333
Cost_Per_Unit,0.9659644367423994,0.21804612615087132,-0.8767017923280768,-0.8918094306626333,1.0
